<?xml version="1.0" encoding="UTF-8"?>
<beans xmlns="http://www.springframework.org/schema/beans"
   xmlns:xsi="http://www.w3.org/2001/XMLSchema-instance"
   xmlns:mybatis-spring="http://mybatis.org/schema/mybatis-spring"
   xsi:schemaLocation="http://mybatis.org/schema/mybatis-spring http://mybatis.org/schema/mybatis-spring-1.2.xsd
      http://www.springframework.org/schema/beans https://www.springframework.org/schema/beans/spring-beans.xsd">
   
   <!-- Root Context: defines shared resources visible to all other web components -->
   <!-- 
   root-context.xml : 스프링 설정 파일 
   view와 관련되지 않은 객체를 정의
   Service(기능), DAO(Repository), DB등 비즈니스 로직과 관련된 설정
   -->
   <bean id="dataSource" class="org.apache.commons.dbcp2.BasicDataSource" destroy-method="close">
      <property name="driverClassName" value="oracle.jdbc.driver.OracleDriver" />
      <property name="url" value="jdbc:oracle:thin:@localhost:1521:xe" />
      <property name="username" value="thl91"/>
      <property name="password" value="java"/>
   </bean>
   
   <bean id="sqlSessionFactory" class="org.mybatis.spring.SqlSessionFactoryBean">
      <property name="dataSource" ref="dataSource"></property>
      <property name="mapperLocations" value="classpath:/sqlmap/**/*_SQL.xml" />
      <property name="configLocation" 
         value="/WEB-INF/mybatisAlias/mybatisAlias.xml" />
   </bean>
   <bean id="sqlSessionTemplate" class="org.mybatis.spring.SqlSessionTemplate">
      <constructor-arg index="0" ref="sqlSessionFactory" />   
   </bean>
   
   <bean id="multipartResolver" 
      class="org.springframework.web.multipart.commons.CommonsMultipartResolver">
      <!-- 파일 업로드 용량(10MB) -->
      <property name="maxUploadSize" value="10485760"/>
      <property name="defaultEncoding" value="UTF-8" />
   </bean>
   <!-- 파일업로드 디렉토리 설정 -->
   <bean id="uploadPath" class="java.lang.String">
      <constructor-arg value="C:\\upload" />
   </bean>
   
   <!-- Mapper 인터페이스 설정 
   개발자가 직접 DAO를 설정하지 않아도
   자동으로 Mapper 인터페이스를 활용하는 객체를 생성하게 됨
   -->
   <bean class="org.mybatis.spring.mapper.MapperScannerConfigurer">
      <property name="basePackage" value="kr.or.ddit.*.mapper" />
   </bean>
</beans>